Metabolite,Plate,Well,KEGG
Negative Control,PM6,A1,
Positive Control: L-Glutamine,PM6,A2,
Ala-Ala,PM6,A3,
Ala-Arg,PM6,A4,
Ala-Asn,PM6,A5,
Ala-Glu,PM6,A6,
Ala-Gly,PM6,A7,
Ala-His,PM6,A8,
Ala-Leu,PM6,A9,
Ala-Lys,PM6,A10,
Ala-Phe,PM6,A11,
Ala-Pro,PM6,A12,
Ala-Ser,PM6,B1,
Ala-Thr,PM6,B2,
Ala-Trp,PM6,B3,
Ala-Tyr,PM6,B4,
Arg-Ala,PM6,B5,
Arg-Arg,PM6,B6,
Arg-Asp,PM6,B7,
Arg-Gln,PM6,B8,
Arg-Glu,PM6,B9,
Arg-Ile,PM6,B10,
Arg-Leu,PM6,B11,
Arg-Lys,PM6,B12,
Arg-Met,PM6,C1,
Arg-Phe,PM6,C2,
Arg-Ser,PM6,C3,
Arg-Trp,PM6,C4,
Arg-Tyr,PM6,C5,
Arg-Val,PM6,C6,
Asn-Glu,PM6,C7,
Asn-Val,PM6,C8,
Asp-Asp,PM6,C9,
Asp-Glu,PM6,C10,
Asp-Leu,PM6,C11,
Asp-Lys,PM6,C12,
Asp-Phe,PM6,D1,
Asp-Trp,PM6,D2,
Asp-Val,PM6,D3,
Cys-Gly,PM6,D4,
Gln-Gln,PM6,D5,
Gln-Gly,PM6,D6,
Glu-Asp,PM6,D7,
Glu-Glu,PM6,D8,
Glu-Gly,PM6,D9,
Glu-Ser,PM6,D10,
Glu-Trp,PM6,D11,
Glu-Tyr,PM6,D12,
Glu-Val,PM6,E1,
Gly-Ala,PM6,E2,
Gly-Arg,PM6,E3,
Gly-Cys,PM6,E4,
Gly-Gly,PM6,E5,
Gly-His,PM6,E6,
Gly-Leu,PM6,E7,
Gly-Lys,PM6,E8,
Gly-Met,PM6,E9,
Gly-Phe,PM6,E10,
Gly-Pro,PM6,E11,
Gly-Ser,PM6,E12,
Gly-Thr,PM6,F1,
Gly-Trp,PM6,F2,
Gly-Tyr,PM6,F3,
Gly-Val,PM6,F4,
His-Asp,PM6,F5,
His-Gly,PM6,F6,
His-Leu,PM6,F7,
His-Lys,PM6,F8,
His-Met,PM6,F9,
His-Pro,PM6,F10,
His-Ser,PM6,F11,
His-Trp,PM6,F12,
His-Tyr,PM6,G1,
His-Val,PM6,G2,
Ile-Ala,PM6,G3,
Ile-Arg,PM6,G4,
Ile-Gln,PM6,G5,
Ile-Gly,PM6,G6,
Ile-His,PM6,G7,
Ile-Ile,PM6,G8,
Ile-Met,PM6,G9,
Ile-Phe,PM6,G10,
Ile-Pro,PM6,G11,
Ile-Ser,PM6,G12,
Ile-Trp,PM6,H1,
Ile-Tyr,PM6,H2,
Ile-Val,PM6,H3,
Leu-Ala,PM6,H4,
Leu-Arg,PM6,H5,
Leu-Asp,PM6,H6,
Leu-Glu,PM6,H7,
Leu-Gly,PM6,H8,
Leu-Ile,PM6,H9,
Leu-Leu,PM6,H10,
Leu-Met,PM6,H11,
Leu-Phe,PM6,H12,